"label","frequency","origin","destination","origin.x","origin.y","destination.x","destination.y","distance","Id"
"ANG MO KIO > ANG MO KIO",691,"ANG MO KIO","ANG MO KIO",103.842096514,1.38009241806,103.842096514,1.38009241806,0,"1"
"ANG MO KIO > BEDOK",91,"ANG MO KIO","BEDOK",103.842096514,1.38009241806,103.928409411,1.32404687673,11.4539428075773,"2"
"ANG MO KIO > BUKIT MERAH",76,"ANG MO KIO","BUKIT MERAH",103.842096514,1.38009241806,103.823127211,1.27549132936,11.8339629114768,"3"
"ANG MO KIO > BUKIT TIMAH",55,"ANG MO KIO","BUKIT TIMAH",103.842096514,1.38009241806,103.790697957,1.32998917971,7.98919491527086,"4"
"ANG MO KIO > CHANGI",28,"ANG MO KIO","CHANGI",103.842096514,1.38009241806,103.997822558,1.35080636051,17.6343928142692,"5"
"ANG MO KIO > CHOA CHU KANG",55,"ANG MO KIO","CHOA CHU KANG",103.842096514,1.38009241806,103.747190557,1.3855559338,10.5793027978657,"6"
"ANG MO KIO > CLEMENTI",23,"ANG MO KIO","CLEMENTI",103.842096514,1.38009241806,103.760745818,1.31760020246,11.4174649997026,"7"
"ANG MO KIO > DOWNTOWN CORE",112,"ANG MO KIO","DOWNTOWN CORE",103.842096514,1.38009241806,103.854301181,1.28506469388,10.6652796495468,"8"
"ANG MO KIO > GEYLANG",57,"ANG MO KIO","GEYLANG",103.842096514,1.38009241806,103.889523394,1.32089838033,8.44268141721291,"9"
"ANG MO KIO > HOUGANG",125,"ANG MO KIO","HOUGANG",103.842096514,1.38009241806,103.889800438,1.36363757599,5.61597927751068,"10"
"ANG MO KIO > KALLANG",64,"ANG MO KIO","KALLANG",103.842096514,1.38009241806,103.866433422,1.31033541885,8.22409045501355,"11"
"ANG MO KIO > MUSEUM",25,"ANG MO KIO","MUSEUM",103.842096514,1.38009241806,103.84671397,1.29591621995,9.38453124112303,"12"
"ANG MO KIO > NOVENA",66,"ANG MO KIO","NOVENA",103.842096514,1.38009241806,103.835308907,1.32698374591,5.96009268882447,"13"
"ANG MO KIO > ORCHARD",38,"ANG MO KIO","ORCHARD",103.842096514,1.38009241806,103.83358043,1.30380687311,8.54479033211755,"14"
"ANG MO KIO > OUTRAM",28,"ANG MO KIO","OUTRAM",103.842096514,1.38009241806,103.842060982,1.28285843063,10.824038690824,"15"
"ANG MO KIO > PASIR RIS",28,"ANG MO KIO","PASIR RIS",103.842096514,1.38009241806,103.948298422,1.3786180999,11.8200559903582,"16"
"ANG MO KIO > QUEENSTOWN",72,"ANG MO KIO","QUEENSTOWN",103.842096514,1.38009241806,103.784558913,1.28907290333,11.9860291514541,"17"
"ANG MO KIO > TAMPINES",81,"ANG MO KIO","TAMPINES",103.842096514,1.38009241806,103.954259949,1.34365576027,13.1249217264143,"18"
"ANG MO KIO > TOA PAYOH",136,"ANG MO KIO","TOA PAYOH",103.842096514,1.38009241806,103.861025875,1.33668355661,5.2714787135726,"19"
"ANG MO KIO > YISHUN",153,"ANG MO KIO","YISHUN",103.842096514,1.38009241806,103.836949225,1.41497464027,3.92509469988609,"20"
"BEDOK > BEDOK",1056,"BEDOK","BEDOK",103.928409411,1.32404687673,103.928409411,1.32404687673,0,"21"
"BEDOK > BUKIT MERAH",110,"BEDOK","BUKIT MERAH",103.928409411,1.32404687673,103.823127211,1.27549132936,12.9035947776572,"22"
"BEDOK > CHANGI",119,"BEDOK","CHANGI",103.928409411,1.32404687673,103.997822558,1.35080636051,8.27937920800079,"23"
"BEDOK > DOWNTOWN CORE",320,"BEDOK","DOWNTOWN CORE",103.928409411,1.32404687673,103.854301181,1.28506469388,9.31950491455707,"24"
"BEDOK > GEYLANG",312,"BEDOK","GEYLANG",103.928409411,1.32404687673,103.889523394,1.32089838033,4.34178823351152,"25"
"BEDOK > KALLANG",100,"BEDOK","KALLANG",103.928409411,1.32404687673,103.866433422,1.31033541885,7.06418228346646,"26"
"BEDOK > MARINE PARADE",201,"BEDOK","MARINE PARADE",103.928409411,1.32404687673,103.896269432,1.3002290635,4.45239667551269,"27"
"BEDOK > MUSEUM",25,"BEDOK","MUSEUM",103.928409411,1.32404687673,103.84671397,1.29591621995,9.61609087558548,"28"
"BEDOK > NEWTON",30,"BEDOK","NEWTON",103.928409411,1.32404687673,103.838077796,1.30866002331,10.1978919662234,"29"
"BEDOK > NOVENA",68,"BEDOK","NOVENA",103.928409411,1.32404687673,103.835308907,1.32698374591,10.3662840250657,"30"
"BEDOK > ORCHARD",40,"BEDOK","ORCHARD",103.928409411,1.32404687673,103.83358043,1.30380687311,10.7913696633929,"31"
"BEDOK > OUTRAM",40,"BEDOK","OUTRAM",103.928409411,1.32404687673,103.842060982,1.28285843063,10.6475686513696,"32"
"BEDOK > PAYA LEBAR",23,"BEDOK","PAYA LEBAR",103.928409411,1.32404687673,103.914778629,1.35939710539,4.21742967984974,"33"
"BEDOK > QUEENSTOWN",144,"BEDOK","QUEENSTOWN",103.928409411,1.32404687673,103.784558913,1.28907290333,16.475805580182,"34"
"BEDOK > RIVER VALLEY",23,"BEDOK","RIVER VALLEY",103.928409411,1.32404687673,103.833973727,1.298046815,10.9010334538753,"35"
"BEDOK > ROCHOR",53,"BEDOK","ROCHOR",103.928409411,1.32404687673,103.853260197,1.30425591234,8.64868352108202,"36"
"BEDOK > TOA PAYOH",108,"BEDOK","TOA PAYOH",103.928409411,1.32404687673,103.861025875,1.33668355661,7.62987644386213,"37"
"BEDOK > TUAS",28,"BEDOK","TUAS",103.928409411,1.32404687673,103.632837209,1.27851714043,33.2826332226459,"38"
"BEDOK > WESTERN WATER CATCHMENT",42,"BEDOK","WESTERN WATER CATCHMENT",103.928409411,1.32404687673,103.689729797,1.38212976818,27.3379025360012,"39"
"BISHAN > ANG MO KIO",199,"BISHAN","ANG MO KIO",103.84041509,1.35496702049,103.842096514,1.38009241806,2.80319891260633,"40"
"BISHAN > BEDOK",42,"BISHAN","BEDOK",103.84041509,1.35496702049,103.928409411,1.32404687673,10.3801018965057,"41"
"BISHAN > BISHAN",144,"BISHAN","BISHAN",103.84041509,1.35496702049,103.84041509,1.35496702049,0,"42"
"BISHAN > BUKIT MERAH",38,"BISHAN","BUKIT MERAH",103.84041509,1.35496702049,103.823127211,1.27549132936,9.05397678165289,"43"
"BISHAN > DOWNTOWN CORE",51,"BISHAN","DOWNTOWN CORE",103.84041509,1.35496702049,103.854301181,1.28506469388,7.9334617165091,"44"
"BISHAN > GEYLANG",32,"BISHAN","GEYLANG",103.84041509,1.35496702049,103.889523394,1.32089838033,6.65219692147713,"45"
"BISHAN > HOUGANG",42,"BISHAN","HOUGANG",103.84041509,1.35496702049,103.889800438,1.36363757599,5.58011492426359,"46"
"BISHAN > KALLANG",30,"BISHAN","KALLANG",103.84041509,1.35496702049,103.866433422,1.31033541885,5.75056198259856,"47"
"BISHAN > NOVENA",40,"BISHAN","NOVENA",103.84041509,1.35496702049,103.835308907,1.32698374591,3.16649163514457,"48"
"BISHAN > ORCHARD",23,"BISHAN","ORCHARD",103.84041509,1.35496702049,103.83358043,1.30380687311,5.74569069256136,"49"
"BISHAN > QUEENSTOWN",72,"BISHAN","QUEENSTOWN",103.84041509,1.35496702049,103.784558913,1.28907290333,9.61499257417896,"50"
"BISHAN > TAMPINES",34,"BISHAN","TAMPINES",103.84041509,1.35496702049,103.954259949,1.34365576027,12.7320544529151,"51"
"BISHAN > TOA PAYOH",115,"BISHAN","TOA PAYOH",103.84041509,1.35496702049,103.861025875,1.33668355661,3.06655430136682,"52"
"BUKIT BATOK > ANG MO KIO",42,"BUKIT BATOK","ANG MO KIO",103.754742818,1.35566002771,103.842096514,1.38009241806,10.0946963283711,"53"
"BUKIT BATOK > BEDOK",36,"BUKIT BATOK","BEDOK",103.754742818,1.35566002771,103.928409411,1.32404687673,19.6449684748638,"54"
"BUKIT BATOK > BUKIT BATOK",596,"BUKIT BATOK","BUKIT BATOK",103.754742818,1.35566002771,103.754742818,1.35566002771,0,"55"
"BUKIT BATOK > BUKIT MERAH",110,"BUKIT BATOK","BUKIT MERAH",103.754742818,1.35566002771,103.823127211,1.27549132936,11.7287536177585,"56"
"BUKIT BATOK > BUKIT TIMAH",191,"BUKIT BATOK","BUKIT TIMAH",103.754742818,1.35566002771,103.790697957,1.32998917971,4.91706453764922,"57"
"BUKIT BATOK > CHANGI",28,"BUKIT BATOK","CHANGI",103.754742818,1.35566002771,103.997822558,1.35080636051,27.0573611723581,"58"
"BUKIT BATOK > CHOA CHU KANG",127,"BUKIT BATOK","CHOA CHU KANG",103.754742818,1.35566002771,103.747190557,1.3855559338,3.43248593461373,"59"
"BUKIT BATOK > CLEMENTI",85,"BUKIT BATOK","CLEMENTI",103.754742818,1.35566002771,103.760745818,1.31760020246,4.28914835544031,"60"
"BUKIT BATOK > DOWNTOWN CORE",142,"BUKIT BATOK","DOWNTOWN CORE",103.754742818,1.35566002771,103.854301181,1.28506469388,13.5838539546585,"61"
"BUKIT BATOK > GEYLANG",53,"BUKIT BATOK","GEYLANG",103.754742818,1.35566002771,103.889523394,1.32089838033,15.4907246767242,"62"
"BUKIT BATOK > HOUGANG",28,"BUKIT BATOK","HOUGANG",103.754742818,1.35566002771,103.889800438,1.36363757599,15.0565247513481,"63"
"BUKIT BATOK > JURONG EAST",170,"BUKIT BATOK","JURONG EAST",103.754742818,1.35566002771,103.734795612,1.32044375987,4.50515297920648,"64"
"BUKIT BATOK > JURONG WEST",125,"BUKIT BATOK","JURONG WEST",103.754742818,1.35566002771,103.704902701,1.34161199689,5.76287619131806,"65"
"BUKIT BATOK > KALLANG",40,"BUKIT BATOK","KALLANG",103.754742818,1.35566002771,103.866433422,1.31033541885,13.4149730115717,"66"
"BUKIT BATOK > NOVENA",32,"BUKIT BATOK","NOVENA",103.754742818,1.35566002771,103.835308907,1.32698374591,9.5174369330463,"67"
"BUKIT BATOK > ORCHARD",36,"BUKIT BATOK","ORCHARD",103.754742818,1.35566002771,103.83358043,1.30380687311,10.5023147205431,"68"
"BUKIT BATOK > OUTRAM",23,"BUKIT BATOK","OUTRAM",103.754742818,1.35566002771,103.842060982,1.28285843063,12.6535018311172,"69"
"BUKIT BATOK > PIONEER",55,"BUKIT BATOK","PIONEER",103.754742818,1.35566002771,103.672987658,1.31258701977,10.2845996266286,"70"
"BUKIT BATOK > QUEENSTOWN",204,"BUKIT BATOK","QUEENSTOWN",103.754742818,1.35566002771,103.784558913,1.28907290333,8.12126696490811,"71"
"BUKIT BATOK > TAMPINES",34,"BUKIT BATOK","TAMPINES",103.754742818,1.35566002771,103.954259949,1.34365576027,22.2441590318362,"72"
"BUKIT BATOK > TOA PAYOH",59,"BUKIT BATOK","TOA PAYOH",103.754742818,1.35566002771,103.861025875,1.33668355661,12.0152670720896,"73"
"BUKIT BATOK > TUAS",70,"BUKIT BATOK","TUAS",103.754742818,1.35566002771,103.632837209,1.27851714043,16.0563263353514,"74"
"BUKIT BATOK > WESTERN WATER CATCHMENT",49,"BUKIT BATOK","WESTERN WATER CATCHMENT",103.754742818,1.35566002771,103.689729797,1.38212976818,7.81216027106059,"75"
"BUKIT MERAH > BUKIT MERAH",725,"BUKIT MERAH","BUKIT MERAH",103.823127211,1.27549132936,103.823127211,1.27549132936,0,"76"
"BUKIT MERAH > CHANGI",25,"BUKIT MERAH","CHANGI",103.823127211,1.27549132936,103.997822558,1.35080636051,21.1726002186804,"77"
"BUKIT MERAH > CLEMENTI",123,"BUKIT MERAH","CLEMENTI",103.823127211,1.27549132936,103.760745818,1.31760020246,8.37682153286841,"78"
"BUKIT MERAH > DOWNTOWN CORE",127,"BUKIT MERAH","DOWNTOWN CORE",103.823127211,1.27549132936,103.854301181,1.28506469388,3.62939195844328,"79"
"BUKIT MERAH > GEYLANG",93,"BUKIT MERAH","GEYLANG",103.823127211,1.27549132936,103.889523394,1.32089838033,8.95273837093427,"80"
"BUKIT MERAH > ORCHARD",45,"BUKIT MERAH","ORCHARD",103.823127211,1.27549132936,103.83358043,1.30380687311,3.35990264412825,"81"
"BUKIT MERAH > OUTRAM",81,"BUKIT MERAH","OUTRAM",103.823127211,1.27549132936,103.842060982,1.28285843063,2.26113756925059,"82"
"BUKIT MERAH > WESTERN WATER CATCHMENT",28,"BUKIT MERAH","WESTERN WATER CATCHMENT",103.823127211,1.27549132936,103.689729797,1.38212976818,19.0082885366965,"83"
"BUKIT PANJANG > ANG MO KIO",45,"BUKIT PANJANG","ANG MO KIO",103.772997972,1.3668221789,103.842096514,1.38009241806,7.83041004804502,"84"
"BUKIT PANJANG > BOON LAY",25,"BUKIT PANJANG","BOON LAY",103.772997972,1.3668221789,103.702223694,1.31479263211,9.77669677773885,"85"
"BUKIT PANJANG > BUKIT BATOK",117,"BUKIT PANJANG","BUKIT BATOK",103.772997972,1.3668221789,103.754742818,1.35566002771,2.3814468064552,"86"
"BUKIT PANJANG > BUKIT MERAH",87,"BUKIT PANJANG","BUKIT MERAH",103.772997972,1.3668221789,103.823127211,1.27549132936,11.5969738342139,"87"
"BUKIT PANJANG > BUKIT PANJANG",674,"BUKIT PANJANG","BUKIT PANJANG",103.772997972,1.3668221789,103.772997972,1.3668221789,0,"88"
"BUKIT PANJANG > BUKIT TIMAH",121,"BUKIT PANJANG","BUKIT TIMAH",103.772997972,1.3668221789,103.790697957,1.32998917971,4.54884976029624,"89"
"BUKIT PANJANG > CHANGI",25,"BUKIT PANJANG","CHANGI",103.772997972,1.3668221789,103.997822558,1.35080636051,25.0837611419343,"90"
"BUKIT PANJANG > CLEMENTI",64,"BUKIT PANJANG","CLEMENTI",103.772997972,1.3668221789,103.760745818,1.31760020246,5.64647294950595,"91"
"BUKIT PANJANG > DOWNTOWN CORE",117,"BUKIT PANJANG","DOWNTOWN CORE",103.772997972,1.3668221789,103.854301181,1.28506469388,12.8336250316096,"92"
"BUKIT PANJANG > GEYLANG",42,"BUKIT PANJANG","GEYLANG",103.772997972,1.3668221789,103.889523394,1.32089838033,13.9392718479772,"93"
"BUKIT PANJANG > JURONG EAST",70,"BUKIT PANJANG","JURONG EAST",103.772997972,1.3668221789,103.734795612,1.32044375987,6.68804641137343,"94"
"BUKIT PANJANG > JURONG WEST",85,"BUKIT PANJANG","JURONG WEST",103.772997972,1.3668221789,103.704902701,1.34161199689,8.08115808289195,"95"
"BUKIT PANJANG > ORCHARD",64,"BUKIT PANJANG","ORCHARD",103.772997972,1.3668221789,103.83358043,1.30380687311,9.72958426101131,"96"
"BUKIT PANJANG > PIONEER",47,"BUKIT PANJANG","PIONEER",103.772997972,1.3668221789,103.672987658,1.31258701977,12.6620952712557,"97"
"BUKIT PANJANG > QUEENSTOWN",89,"BUKIT PANJANG","QUEENSTOWN",103.772997972,1.3668221789,103.784558913,1.28907290333,8.75011801705389,"98"
"BUKIT PANJANG > SEMBAWANG",23,"BUKIT PANJANG","SEMBAWANG",103.772997972,1.3668221789,103.818827667,1.45574704202,11.1356875296893,"99"
"BUKIT PANJANG > TUAS",51,"BUKIT PANJANG","TUAS",103.772997972,1.3668221789,103.632837209,1.27851714043,18.4375284276314,"100"
"BUKIT PANJANG > WESTERN WATER CATCHMENT",23,"BUKIT PANJANG","WESTERN WATER CATCHMENT",103.772997972,1.3668221789,103.689729797,1.38212976818,9.42207660426625,"101"
"BUKIT PANJANG > YISHUN",23,"BUKIT PANJANG","YISHUN",103.772997972,1.3668221789,103.836949225,1.41497464027,8.90974137617826,"102"
"BUKIT TIMAH > BEDOK",76,"BUKIT TIMAH","BEDOK",103.790697957,1.32998917971,103.928409411,1.32404687673,15.3401264786505,"103"
"BUKIT TIMAH > BUKIT MERAH",78,"BUKIT TIMAH","BUKIT MERAH",103.790697957,1.32998917971,103.823127211,1.27549132936,7.05903262590877,"104"
"BUKIT TIMAH > BUKIT TIMAH",276,"BUKIT TIMAH","BUKIT TIMAH",103.790697957,1.32998917971,103.790697957,1.32998917971,0,"105"
"BUKIT TIMAH > CLEMENTI",64,"BUKIT TIMAH","CLEMENTI",103.790697957,1.32998917971,103.760745818,1.31760020246,3.60740177244206,"106"
"BUKIT TIMAH > DOWNTOWN CORE",68,"BUKIT TIMAH","DOWNTOWN CORE",103.790697957,1.32998917971,103.854301181,1.28506469388,8.66683036303738,"107"
"BUKIT TIMAH > GEYLANG",23,"BUKIT TIMAH","GEYLANG",103.790697957,1.32998917971,103.889523394,1.32089838033,11.044713497495,"108"
"BUKIT TIMAH > HOUGANG",32,"BUKIT TIMAH","HOUGANG",103.790697957,1.32998917971,103.889800438,1.36363757599,11.6477059001825,"109"
"BUKIT TIMAH > KALLANG",32,"BUKIT TIMAH","KALLANG",103.790697957,1.32998917971,103.866433422,1.31033541885,8.70792140614784,"110"
"BUKIT TIMAH > NOVENA",32,"BUKIT TIMAH","NOVENA",103.790697957,1.32998917971,103.835308907,1.32698374591,4.9759933937631,"111"
"BUKIT TIMAH > ORCHARD",38,"BUKIT TIMAH","ORCHARD",103.790697957,1.32998917971,103.83358043,1.30380687311,5.59201621638063,"112"
"BUKIT TIMAH > PASIR RIS",34,"BUKIT TIMAH","PASIR RIS",103.790697957,1.32998917971,103.948298422,1.3786180999,18.3555012949402,"113"
"BUKIT TIMAH > QUEENSTOWN",197,"BUKIT TIMAH","QUEENSTOWN",103.790697957,1.32998917971,103.784558913,1.28907290333,4.60573526563468,"114"
"BUKIT TIMAH > TAMPINES",47,"BUKIT TIMAH","TAMPINES",103.790697957,1.32998917971,103.954259949,1.34365576027,18.2661477863892,"115"
"BUKIT TIMAH > TOA PAYOH",53,"BUKIT TIMAH","TOA PAYOH",103.790697957,1.32998917971,103.861025875,1.33668355661,7.86214559371652,"116"
"BUKIT TIMAH > WESTERN ISLANDS",23,"BUKIT TIMAH","WESTERN ISLANDS",103.790697957,1.32998917971,103.709025302,1.24953638543,12.7603867636703,"117"
"CHANGI > GEYLANG",57,"CHANGI","GEYLANG",103.997822558,1.35080636051,103.889523394,1.32089838033,12.5039201055616,"118"
"CHOA CHU KANG > BOON LAY",32,"CHOA CHU KANG","BOON LAY",103.747190557,1.3855559338,103.702223694,1.31479263211,9.33249176203142,"119"
"CHOA CHU KANG > BUKIT MERAH",83,"CHOA CHU KANG","BUKIT MERAH",103.747190557,1.3855559338,103.823127211,1.27549132936,14.8841618186704,"120"
"CHOA CHU KANG > BUKIT PANJANG",174,"CHOA CHU KANG","BUKIT PANJANG",103.747190557,1.3855559338,103.772997972,1.3668221789,3.54931521101104,"121"
"CHOA CHU KANG > BUKIT TIMAH",117,"CHOA CHU KANG","BUKIT TIMAH",103.747190557,1.3855559338,103.790697957,1.32998917971,7.85531968487113,"122"
"CHOA CHU KANG > CHOA CHU KANG",634,"CHOA CHU KANG","CHOA CHU KANG",103.747190557,1.3855559338,103.747190557,1.3855559338,0,"123"
"CHOA CHU KANG > CLEMENTI",53,"CHOA CHU KANG","CLEMENTI",103.747190557,1.3855559338,103.760745818,1.31760020246,7.71374535356623,"124"
"CHOA CHU KANG > DOWNTOWN CORE",100,"CHOA CHU KANG","DOWNTOWN CORE",103.747190557,1.3855559338,103.854301181,1.28506469388,16.3472745671047,"125"
"CHOA CHU KANG > GEYLANG",49,"CHOA CHU KANG","GEYLANG",103.747190557,1.3855559338,103.889523394,1.32089838033,17.3986114030993,"126"
"CHOA CHU KANG > HOUGANG",25,"CHOA CHU KANG","HOUGANG",103.747190557,1.3855559338,103.889800438,1.36363757599,16.0571520872433,"127"
"CHOA CHU KANG > JURONG EAST",81,"CHOA CHU KANG","JURONG EAST",103.747190557,1.3855559338,103.734795612,1.32044375987,7.37834468205321,"128"
"CHOA CHU KANG > JURONG WEST",117,"CHOA CHU KANG","JURONG WEST",103.747190557,1.3855559338,103.704902701,1.34161199689,6.78804275259784,"129"
"CHOA CHU KANG > ORCHARD",23,"CHOA CHU KANG","ORCHARD",103.747190557,1.3855559338,103.83358043,1.30380687311,13.2381332383617,"130"
"CHOA CHU KANG > PIONEER",47,"CHOA CHU KANG","PIONEER",103.747190557,1.3855559338,103.672987658,1.31258701977,11.5833693273694,"131"
"CHOA CHU KANG > QUEENSTOWN",172,"CHOA CHU KANG","QUEENSTOWN",103.747190557,1.3855559338,103.784558913,1.28907290333,11.517457034435,"132"
"CHOA CHU KANG > TAMPINES",38,"CHOA CHU KANG","TAMPINES",103.747190557,1.3855559338,103.954259949,1.34365576027,23.5116247096983,"133"
"CHOA CHU KANG > TOA PAYOH",38,"CHOA CHU KANG","TOA PAYOH",103.747190557,1.3855559338,103.861025875,1.33668355661,13.7873026665977,"134"
"CHOA CHU KANG > TUAS",49,"CHOA CHU KANG","TUAS",103.747190557,1.3855559338,103.632837209,1.27851714043,17.4338268545346,"135"
"CHOA CHU KANG > WESTERN ISLANDS",72,"CHOA CHU KANG","WESTERN ISLANDS",103.747190557,1.3855559338,103.709025302,1.24953638543,15.7260731593397,"136"
"CHOA CHU KANG > WESTERN WATER CATCHMENT",87,"CHOA CHU KANG","WESTERN WATER CATCHMENT",103.747190557,1.3855559338,103.689729797,1.38212976818,6.40600084047724,"137"
"CLEMENTI > CLEMENTI",233,"CLEMENTI","CLEMENTI",103.760745818,1.31760020246,103.760745818,1.31760020246,0,"138"
"CLEMENTI > DOWNTOWN CORE",38,"CLEMENTI","DOWNTOWN CORE",103.760745818,1.31760020246,103.854301181,1.28506469388,11.0238060605343,"139"
"CLEMENTI > ORCHARD",25,"CLEMENTI","ORCHARD",103.760745818,1.31760020246,103.83358043,1.30380687311,8.24993918767078,"140"
"CLEMENTI > PIONEER",28,"CLEMENTI","PIONEER",103.760745818,1.31760020246,103.672987658,1.31258701977,9.78255138541713,"141"
"CLEMENTI > QUEENSTOWN",204,"CLEMENTI","QUEENSTOWN",103.760745818,1.31760020246,103.784558913,1.28907290333,4.1361998307948,"142"
"CLEMENTI > WESTERN WATER CATCHMENT",23,"CLEMENTI","WESTERN WATER CATCHMENT",103.760745818,1.31760020246,103.689729797,1.38212976818,10.6800251216841,"143"
"GEYLANG > CLEMENTI",30,"GEYLANG","CLEMENTI",103.889523394,1.32089838033,103.760745818,1.31760020246,14.3363564071972,"144"
"GEYLANG > DOWNTOWN CORE",104,"GEYLANG","DOWNTOWN CORE",103.889523394,1.32089838033,103.854301181,1.28506469388,5.59264495568639,"145"
"GEYLANG > GEYLANG",475,"GEYLANG","GEYLANG",103.889523394,1.32089838033,103.889523394,1.32089838033,0,"146"
"GEYLANG > KALLANG",136,"GEYLANG","KALLANG",103.889523394,1.32089838033,103.866433422,1.31033541885,2.82594105766073,"147"
"GEYLANG > NOVENA",36,"GEYLANG","NOVENA",103.889523394,1.32089838033,103.835308907,1.32698374591,6.07142788276825,"148"
"GEYLANG > ORCHARD",30,"GEYLANG","ORCHARD",103.889523394,1.32089838033,103.83358043,1.30380687311,6.51013780703424,"149"
"GEYLANG > QUEENSTOWN",57,"GEYLANG","QUEENSTOWN",103.889523394,1.32089838033,103.784558913,1.28907290333,12.2069770635095,"150"
"GEYLANG > ROCHOR",25,"GEYLANG","ROCHOR",103.889523394,1.32089838033,103.853260197,1.30425591234,4.44065876793861,"151"
"GEYLANG > TAMPINES",221,"GEYLANG","TAMPINES",103.889523394,1.32089838033,103.954259949,1.34365576027,7.63691814566875,"152"
"HOUGANG > BEDOK",95,"HOUGANG","BEDOK",103.889800438,1.36363757599,103.928409411,1.32404687673,6.15512868898076,"153"
"HOUGANG > BUKIT MERAH",66,"HOUGANG","BUKIT MERAH",103.889800438,1.36363757599,103.823127211,1.27549132936,12.3020486686694,"154"
"HOUGANG > CHANGI",51,"HOUGANG","CHANGI",103.889800438,1.36363757599,103.997822558,1.35080636051,12.1061530687961,"155"
"HOUGANG > DOWNTOWN CORE",123,"HOUGANG","DOWNTOWN CORE",103.889800438,1.36363757599,103.854301181,1.28506469388,9.59753608657891,"156"
"HOUGANG > GEYLANG",104,"HOUGANG","GEYLANG",103.889800438,1.36363757599,103.889523394,1.32089838033,4.75780539868877,"157"
"HOUGANG > HOUGANG",537,"HOUGANG","HOUGANG",103.889800438,1.36363757599,103.889800438,1.36363757599,0,"158"
"HOUGANG > KALLANG",91,"HOUGANG","KALLANG",103.889800438,1.36363757599,103.866433422,1.31033541885,6.47841190071356,"159"
"HOUGANG > MARINE PARADE",25,"HOUGANG","MARINE PARADE",103.889800438,1.36363757599,103.896269432,1.3002290635,7.09522239269404,"160"
"HOUGANG > MUSEUM",25,"HOUGANG","MUSEUM",103.889800438,1.36363757599,103.84671397,1.29591621995,8.93447331898361,"161"
"HOUGANG > NOVENA",38,"HOUGANG","NOVENA",103.889800438,1.36363757599,103.835308907,1.32698374591,7.30920197119052,"162"
"HOUGANG > ORCHARD",47,"HOUGANG","ORCHARD",103.889800438,1.36363757599,103.83358043,1.30380687311,9.13816383002024,"163"
"HOUGANG > PASIR RIS",68,"HOUGANG","PASIR RIS",103.889800438,1.36363757599,103.948298422,1.3786180999,6.72029678101522,"164"
"HOUGANG > PAYA LEBAR",28,"HOUGANG","PAYA LEBAR",103.889800438,1.36363757599,103.914778629,1.35939710539,2.81956992256394,"165"
"HOUGANG > QUEENSTOWN",106,"HOUGANG","QUEENSTOWN",103.889800438,1.36363757599,103.784558913,1.28907290333,14.3553521516333,"166"
"HOUGANG > ROCHOR",42,"HOUGANG","ROCHOR",103.889800438,1.36363757599,103.853260197,1.30425591234,7.76101054070864,"167"
"HOUGANG > SENGKANG",174,"HOUGANG","SENGKANG",103.889800438,1.36363757599,103.887698907,1.39127922839,3.08592974233936,"168"
"HOUGANG > TAMPINES",83,"HOUGANG","TAMPINES",103.889800438,1.36363757599,103.954259949,1.34365576027,7.51054603685695,"169"
"HOUGANG > TUAS",23,"HOUGANG","TUAS",103.889800438,1.36363757599,103.632837209,1.27851714043,30.1263697277635,"170"
"HOUGANG > WESTERN WATER CATCHMENT",28,"HOUGANG","WESTERN WATER CATCHMENT",103.889800438,1.36363757599,103.689729797,1.38212976818,22.3603270439018,"171"
"JURONG EAST > BEDOK",25,"JURONG EAST","BEDOK",103.734795612,1.32044375987,103.928409411,1.32404687673,21.5509833375137,"172"
"JURONG EAST > BUKIT MERAH",91,"JURONG EAST","BUKIT MERAH",103.734795612,1.32044375987,103.823127211,1.27549132936,11.0308507723386,"173"
"JURONG EAST > BUKIT TIMAH",59,"JURONG EAST","BUKIT TIMAH",103.734795612,1.32044375987,103.790697957,1.32998917971,6.31144767590172,"174"
"JURONG EAST > CLEMENTI",148,"JURONG EAST","CLEMENTI",103.734795612,1.32044375987,103.760745818,1.31760020246,2.90529407206297,"175"
"JURONG EAST > DOWNTOWN CORE",95,"JURONG EAST","DOWNTOWN CORE",103.734795612,1.32044375987,103.854301181,1.28506469388,13.8707287286457,"176"
"JURONG EAST > GEYLANG",28,"JURONG EAST","GEYLANG",103.734795612,1.32044375987,103.889523394,1.32089838033,17.2197168131923,"177"
"JURONG EAST > JURONG EAST",333,"JURONG EAST","JURONG EAST",103.734795612,1.32044375987,103.734795612,1.32044375987,0,"178"
"JURONG EAST > KALLANG",25,"JURONG EAST","KALLANG",103.734795612,1.32044375987,103.866433422,1.31033541885,14.6931438428871,"179"
"JURONG EAST > PIONEER",64,"JURONG EAST","PIONEER",103.734795612,1.32044375987,103.672987658,1.31258701977,6.93399354036028,"180"
"JURONG EAST > QUEENSTOWN",189,"JURONG EAST","QUEENSTOWN",103.734795612,1.32044375987,103.784558913,1.28907290333,6.5472828217136,"181"
"JURONG EAST > TAMPINES",28,"JURONG EAST","TAMPINES",103.734795612,1.32044375987,103.954259949,1.34365576027,24.5603603007648,"182"
"JURONG EAST > TOA PAYOH",38,"JURONG EAST","TOA PAYOH",103.734795612,1.32044375987,103.861025875,1.33668355661,14.1639537641831,"183"
"JURONG EAST > TUAS",40,"JURONG EAST","TUAS",103.734795612,1.32044375987,103.632837209,1.27851714043,12.2694131090417,"184"
"JURONG EAST > WESTERN ISLANDS",51,"JURONG EAST","WESTERN ISLANDS",103.734795612,1.32044375987,103.709025302,1.24953638543,8.39826477076916,"185"
"JURONG EAST > WESTERN WATER CATCHMENT",28,"JURONG EAST","WESTERN WATER CATCHMENT",103.734795612,1.32044375987,103.689729797,1.38212976818,8.5033531235479,"186"
"JURONG WEST > ANG MO KIO",45,"JURONG WEST","ANG MO KIO",103.704902701,1.34161199689,103.842096514,1.38009241806,15.8575653387822,"187"
"JURONG WEST > BEDOK",28,"JURONG WEST","BEDOK",103.704902701,1.34161199689,103.928409411,1.32404687673,24.95065780566,"188"
"JURONG WEST > BOON LAY",106,"JURONG WEST","BOON LAY",103.704902701,1.34161199689,103.702223694,1.31479263211,3.00036809238949,"189"
"JURONG WEST > BUKIT MERAH",108,"JURONG WEST","BUKIT MERAH",103.704902701,1.34161199689,103.823127211,1.27549132936,15.0761637911007,"190"
"JURONG WEST > BUKIT TIMAH",100,"JURONG WEST","BUKIT TIMAH",103.704902701,1.34161199689,103.790697957,1.32998917971,9.6353534030052,"191"
"JURONG WEST > CLEMENTI",129,"JURONG WEST","CLEMENTI",103.704902701,1.34161199689,103.760745818,1.31760020246,6.76520418243427,"192"
"JURONG WEST > DOWNTOWN CORE",178,"JURONG WEST","DOWNTOWN CORE",103.704902701,1.34161199689,103.854301181,1.28506469388,17.7783103474023,"193"
"JURONG WEST > GEYLANG",40,"JURONG WEST","GEYLANG",103.704902701,1.34161199689,103.889523394,1.32089838033,20.6753160888744,"194"
"JURONG WEST > JURONG EAST",365,"JURONG WEST","JURONG EAST",103.704902701,1.34161199689,103.734795612,1.32044375987,4.07678393911526,"195"
"JURONG WEST > JURONG WEST",1079,"JURONG WEST","JURONG WEST",103.704902701,1.34161199689,103.704902701,1.34161199689,0,"196"
"JURONG WEST > KALLANG",32,"JURONG WEST","KALLANG",103.704902701,1.34161199689,103.866433422,1.31033541885,18.3107621579506,"197"
"JURONG WEST > ORCHARD",47,"JURONG WEST","ORCHARD",103.704902701,1.34161199689,103.83358043,1.30380687311,14.9260973167482,"198"
"JURONG WEST > OUTRAM",30,"JURONG WEST","OUTRAM",103.704902701,1.34161199689,103.842060982,1.28285843063,16.6065802322385,"199"
"JURONG WEST > PIONEER",204,"JURONG WEST","PIONEER",103.704902701,1.34161199689,103.672987658,1.31258701977,4.80156579248443,"200"
"JURONG WEST > QUEENSTOWN",216,"JURONG WEST","QUEENSTOWN",103.704902701,1.34161199689,103.784558913,1.28907290333,10.6204421665999,"201"
"JURONG WEST > TAMPINES",30,"JURONG WEST","TAMPINES",103.704902701,1.34161199689,103.954259949,1.34365576027,27.7516334299386,"202"
"JURONG WEST > TOA PAYOH",61,"JURONG WEST","TOA PAYOH",103.704902701,1.34161199689,103.861025875,1.33668355661,17.3834651347052,"203"
"JURONG WEST > TUAS",201,"JURONG WEST","TUAS",103.704902701,1.34161199689,103.632837209,1.27851714043,10.6609443871798,"204"
"JURONG WEST > WESTERN ISLANDS",49,"JURONG WEST","WESTERN ISLANDS",103.704902701,1.34161199689,103.709025302,1.24953638543,10.2600737807937,"205"
"JURONG WEST > WESTERN WATER CATCHMENT",119,"JURONG WEST","WESTERN WATER CATCHMENT",103.704902701,1.34161199689,103.689729797,1.38212976818,4.81613038501823,"206"
"KALLANG > BUKIT MERAH",72,"KALLANG","BUKIT MERAH",103.866433422,1.31033541885,103.823127211,1.27549132936,6.18658368880842,"207"
"KALLANG > DOWNTOWN CORE",115,"KALLANG","DOWNTOWN CORE",103.866433422,1.31033541885,103.854301181,1.28506469388,3.12037352349343,"208"
"KALLANG > KALLANG",278,"KALLANG","KALLANG",103.866433422,1.31033541885,103.866433422,1.31033541885,0,"209"
"KALLANG > NOVENA",47,"KALLANG","NOVENA",103.866433422,1.31033541885,103.835308907,1.32698374591,3.92847284880379,"210"
"KALLANG > ORCHARD",40,"KALLANG","ORCHARD",103.866433422,1.31033541885,103.83358043,1.30380687311,3.72775615695664,"211"
"KALLANG > QUEENSTOWN",83,"KALLANG","QUEENSTOWN",103.866433422,1.31033541885,103.784558913,1.28907290333,9.41428671906,"212"
"KALLANG > RIVER VALLEY",28,"KALLANG","RIVER VALLEY",103.866433422,1.31033541885,103.833973727,1.298046815,3.86279556645907,"213"
"MARINE PARADE > DOWNTOWN CORE",74,"MARINE PARADE","DOWNTOWN CORE",103.896269432,1.3002290635,103.854301181,1.28506469388,4.96639133325295,"214"
"MARINE PARADE > GEYLANG",108,"MARINE PARADE","GEYLANG",103.896269432,1.3002290635,103.889523394,1.32089838033,2.42028613777639,"215"
"MARINE PARADE > KALLANG",45,"MARINE PARADE","KALLANG",103.896269432,1.3002290635,103.866433422,1.31033541885,3.50588181522115,"216"
"MARINE PARADE > MARINE PARADE",168,"MARINE PARADE","MARINE PARADE",103.896269432,1.3002290635,103.896269432,1.3002290635,0,"217"
"MARINE PARADE > ORCHARD",30,"MARINE PARADE","ORCHARD",103.896269432,1.3002290635,103.83358043,1.30380687311,6.98806507357763,"218"
"MARINE PARADE > QUEENSTOWN",38,"MARINE PARADE","QUEENSTOWN",103.896269432,1.3002290635,103.784558913,1.28907290333,12.4942575516865,"219"
"NOVENA > BUKIT MERAH",36,"NOVENA","BUKIT MERAH",103.835308907,1.32698374591,103.823127211,1.27549132936,5.89024882081809,"220"
"NOVENA > DOWNTOWN CORE",55,"NOVENA","DOWNTOWN CORE",103.835308907,1.32698374591,103.854301181,1.28506469388,5.1227845930124,"221"
"NOVENA > NOVENA",68,"NOVENA","NOVENA",103.835308907,1.32698374591,103.835308907,1.32698374591,0,"222"
"NOVENA > QUEENSTOWN",28,"NOVENA","QUEENSTOWN",103.835308907,1.32698374591,103.784558913,1.28907290333,7.05053371530787,"223"
"PASIR RIS > BEDOK",136,"PASIR RIS","BEDOK",103.948298422,1.3786180999,103.928409411,1.32404687673,6.46551721985857,"224"
"PASIR RIS > BUKIT MERAH",45,"PASIR RIS","BUKIT MERAH",103.948298422,1.3786180999,103.823127211,1.27549132936,18.0511187924535,"225"
"PASIR RIS > CHANGI",117,"PASIR RIS","CHANGI",103.948298422,1.3786180999,103.997822558,1.35080636051,6.32147863508291,"226"
"PASIR RIS > DOWNTOWN CORE",91,"PASIR RIS","DOWNTOWN CORE",103.948298422,1.3786180999,103.854301181,1.28506469388,14.7610425134947,"227"
"PASIR RIS > GEYLANG",95,"PASIR RIS","GEYLANG",103.948298422,1.3786180999,103.889523394,1.32089838033,9.16893774305924,"228"
"PASIR RIS > KALLANG",32,"PASIR RIS","KALLANG",103.948298422,1.3786180999,103.866433422,1.31033541885,11.8651707746591,"229"
"PASIR RIS > NOVENA",28,"PASIR RIS","NOVENA",103.948298422,1.3786180999,103.835308907,1.32698374591,13.8258719893797,"230"
"PASIR RIS > ORCHARD",30,"PASIR RIS","ORCHARD",103.948298422,1.3786180999,103.83358043,1.30380687311,15.2429374677546,"231"
"PASIR RIS > PASIR RIS",346,"PASIR RIS","PASIR RIS",103.948298422,1.3786180999,103.948298422,1.3786180999,0,"232"
"PASIR RIS > QUEENSTOWN",66,"PASIR RIS","QUEENSTOWN",103.948298422,1.3786180999,103.784558913,1.28907290333,20.7706885047254,"233"
"PASIR RIS > TOA PAYOH",28,"PASIR RIS","TOA PAYOH",103.948298422,1.3786180999,103.861025875,1.33668355661,10.7760069371259,"234"
"PIONEER > BOON LAY",51,"PIONEER","BOON LAY",103.672987658,1.31258701977,103.702223694,1.31479263211,3.26293599588557,"235"
"PUNGGOL > BEDOK",42,"PUNGGOL","BEDOK",103.910043381,1.40536300198,103.928409411,1.32404687673,9.27995483961013,"236"
"PUNGGOL > BUKIT MERAH",34,"PUNGGOL","BUKIT MERAH",103.910043381,1.40536300198,103.823127211,1.27549132936,17.3946935795671,"237"
"PUNGGOL > CHANGI",32,"PUNGGOL","CHANGI",103.910043381,1.40536300198,103.997822558,1.35080636051,11.5026779628549,"238"
"PUNGGOL > DOWNTOWN CORE",115,"PUNGGOL","DOWNTOWN CORE",103.910043381,1.40536300198,103.854301181,1.28506469388,14.7586145645841,"239"
"PUNGGOL > GEYLANG",70,"PUNGGOL","GEYLANG",103.910043381,1.40536300198,103.889523394,1.32089838033,9.67590129009444,"240"
"PUNGGOL > HOUGANG",42,"PUNGGOL","HOUGANG",103.910043381,1.40536300198,103.889800438,1.36363757599,5.16233102364438,"241"
"PUNGGOL > JURONG EAST",36,"PUNGGOL","JURONG EAST",103.910043381,1.40536300198,103.734795612,1.32044375987,21.6732153896335,"242"
"PUNGGOL > KALLANG",30,"PUNGGOL","KALLANG",103.910043381,1.40536300198,103.866433422,1.31033541885,11.6386120480416,"243"
"PUNGGOL > PUNGGOL",163,"PUNGGOL","PUNGGOL",103.910043381,1.40536300198,103.910043381,1.40536300198,0,"244"
"PUNGGOL > QUEENSTOWN",40,"PUNGGOL","QUEENSTOWN",103.910043381,1.40536300198,103.784558913,1.28907290333,19.0421511959439,"245"
"PUNGGOL > SENGKANG",59,"PUNGGOL","SENGKANG",103.910043381,1.40536300198,103.887698907,1.39127922839,2.93961637830915,"246"
"PUNGGOL > SERANGOON",23,"PUNGGOL","SERANGOON",103.910043381,1.40536300198,103.867818062,1.36520155176,6.48609441264793,"247"
"PUNGGOL > TAMPINES",49,"PUNGGOL","TAMPINES",103.910043381,1.40536300198,103.954259949,1.34365576027,8.44984849109401,"248"
"PUNGGOL > TOA PAYOH",36,"PUNGGOL","TOA PAYOH",103.910043381,1.40536300198,103.861025875,1.33668355661,9.39196567631173,"249"
"QUEENSTOWN > BUKIT MERAH",305,"QUEENSTOWN","BUKIT MERAH",103.784558913,1.28907290333,103.823127211,1.27549132936,4.55081353542714,"250"
"QUEENSTOWN > DOWNTOWN CORE",123,"QUEENSTOWN","DOWNTOWN CORE",103.784558913,1.28907290333,103.854301181,1.28506469388,7.77452938453843,"251"
"QUEENSTOWN > OUTRAM",30,"QUEENSTOWN","OUTRAM",103.784558913,1.28907290333,103.842060982,1.28285843063,6.43677197160325,"252"
"QUEENSTOWN > QUEENSTOWN",424,"QUEENSTOWN","QUEENSTOWN",103.784558913,1.28907290333,103.784558913,1.28907290333,0,"253"
"QUEENSTOWN > RIVER VALLEY",36,"QUEENSTOWN","RIVER VALLEY",103.784558913,1.28907290333,103.833973727,1.298046815,5.58942524407551,"254"
"QUEENSTOWN > WESTERN ISLANDS",28,"QUEENSTOWN","WESTERN ISLANDS",103.784558913,1.28907290333,103.709025302,1.24953638543,9.48874620216119,"255"
"RIVER VALLEY > BUKIT MERAH",25,"RIVER VALLEY","BUKIT MERAH",103.833973727,1.298046815,103.823127211,1.27549132936,2.78596350094622,"256"
"RIVER VALLEY > RIVER VALLEY",34,"RIVER VALLEY","RIVER VALLEY",103.833973727,1.298046815,103.833973727,1.298046815,0,"257"
"ROCHOR > BUKIT MERAH",23,"ROCHOR","BUKIT MERAH",103.853260197,1.30425591234,103.823127211,1.27549132936,4.63674470576188,"258"
"ROCHOR > KALLANG",49,"ROCHOR","KALLANG",103.853260197,1.30425591234,103.866433422,1.31033541885,1.61472338635313,"259"
"ROCHOR > ROCHOR",36,"ROCHOR","ROCHOR",103.853260197,1.30425591234,103.853260197,1.30425591234,0,"260"
"SEMBAWANG > ANG MO KIO",74,"SEMBAWANG","ANG MO KIO",103.818827667,1.45574704202,103.842096514,1.38009241806,8.81094280258468,"261"
"SEMBAWANG > BISHAN",38,"SEMBAWANG","BISHAN",103.818827667,1.45574704202,103.84041509,1.35496702049,11.4731189698372,"262"
"SEMBAWANG > BUKIT BATOK",51,"SEMBAWANG","BUKIT BATOK",103.818827667,1.45574704202,103.754742818,1.35566002771,13.2286744068506,"263"
"SEMBAWANG > BUKIT MERAH",57,"SEMBAWANG","BUKIT MERAH",103.818827667,1.45574704202,103.823127211,1.27549132936,20.071678259295,"264"
"SEMBAWANG > BUKIT TIMAH",28,"SEMBAWANG","BUKIT TIMAH",103.818827667,1.45574704202,103.790697957,1.32998917971,14.3450412414559,"265"
"SEMBAWANG > CHOA CHU KANG",59,"SEMBAWANG","CHOA CHU KANG",103.818827667,1.45574704202,103.747190557,1.3855559338,11.1628042434487,"266"
"SEMBAWANG > CLEMENTI",30,"SEMBAWANG","CLEMENTI",103.818827667,1.45574704202,103.760745818,1.31760020246,16.6816159686664,"267"
"SEMBAWANG > DOWNTOWN CORE",83,"SEMBAWANG","DOWNTOWN CORE",103.818827667,1.45574704202,103.854301181,1.28506469388,19.4060600985493,"268"
"SEMBAWANG > GEYLANG",42,"SEMBAWANG","GEYLANG",103.818827667,1.45574704202,103.889523394,1.32089838033,16.9480447003679,"269"
"SEMBAWANG > HOUGANG",36,"SEMBAWANG","HOUGANG",103.818827667,1.45574704202,103.889800438,1.36363757599,12.9428899853868,"270"
"SEMBAWANG > JURONG WEST",81,"SEMBAWANG","JURONG WEST",103.818827667,1.45574704202,103.704902701,1.34161199689,17.9490275239728,"271"
"SEMBAWANG > KALLANG",32,"SEMBAWANG","KALLANG",103.818827667,1.45574704202,103.866433422,1.31033541885,17.0320736558066,"272"
"SEMBAWANG > NOVENA",25,"SEMBAWANG","NOVENA",103.818827667,1.45574704202,103.835308907,1.32698374591,14.4507352646671,"273"
"SEMBAWANG > ORCHARD",32,"SEMBAWANG","ORCHARD",103.818827667,1.45574704202,103.83358043,1.30380687311,16.9933979645426,"274"
"SEMBAWANG > PASIR RIS",28,"SEMBAWANG","PASIR RIS",103.818827667,1.45574704202,103.948298422,1.3786180999,16.772450578658,"275"
"SEMBAWANG > QUEENSTOWN",53,"SEMBAWANG","QUEENSTOWN",103.818827667,1.45574704202,103.784558913,1.28907290333,18.9419662112733,"276"
"SEMBAWANG > SEMBAWANG",522,"SEMBAWANG","SEMBAWANG",103.818827667,1.45574704202,103.818827667,1.45574704202,0,"277"
"SEMBAWANG > SUNGEI KADUT",53,"SEMBAWANG","SUNGEI KADUT",103.818827667,1.45574704202,103.757461238,1.41812621708,8.01098001283305,"278"
"SEMBAWANG > TAMPINES",87,"SEMBAWANG","TAMPINES",103.818827667,1.45574704202,103.954259949,1.34365576027,19.5667268042227,"279"
"SEMBAWANG > TOA PAYOH",28,"SEMBAWANG","TOA PAYOH",103.818827667,1.45574704202,103.861025875,1.33668355661,14.0614383546335,"280"
"SEMBAWANG > WOODLANDS",257,"SEMBAWANG","WOODLANDS",103.818827667,1.45574704202,103.787703966,1.44067986429,3.84831634349289,"281"
"SENGKANG > ANG MO KIO",61,"SENGKANG","ANG MO KIO",103.887698907,1.39127922839,103.842096514,1.38009241806,5.22550675615342,"282"
"SENGKANG > BEDOK",36,"SENGKANG","BEDOK",103.887698907,1.39127922839,103.928409411,1.32404687673,8.74875144159466,"283"
"SENGKANG > BUKIT MERAH",51,"SENGKANG","BUKIT MERAH",103.887698907,1.39127922839,103.823127211,1.27549132936,14.7573215212475,"284"
"SENGKANG > CHANGI",55,"SENGKANG","CHANGI",103.887698907,1.39127922839,103.997822558,1.35080636051,13.0573198950914,"285"
"SENGKANG > DOWNTOWN CORE",112,"SENGKANG","DOWNTOWN CORE",103.887698907,1.39127922839,103.854301181,1.28506469388,12.3941777297041,"286"
"SENGKANG > GEYLANG",104,"SENGKANG","GEYLANG",103.887698907,1.39127922839,103.889523394,1.32089838033,7.83739075058895,"287"
"SENGKANG > KALLANG",51,"SENGKANG","KALLANG",103.887698907,1.39127922839,103.866433422,1.31033541885,9.31623086338276,"288"
"SENGKANG > NOVENA",30,"SENGKANG","NOVENA",103.887698907,1.39127922839,103.835308907,1.32698374591,9.23151852694822,"289"
"SENGKANG > ORCHARD",34,"SENGKANG","ORCHARD",103.887698907,1.39127922839,103.83358043,1.30380687311,11.4494692045897,"290"
"SENGKANG > QUEENSTOWN",74,"SENGKANG","QUEENSTOWN",103.887698907,1.39127922839,103.784558913,1.28907290333,16.1617228816959,"291"
"SENGKANG > SENGKANG",358,"SENGKANG","SENGKANG",103.887698907,1.39127922839,103.887698907,1.39127922839,0,"292"
"SENGKANG > TAMPINES",98,"SENGKANG","TAMPINES",103.887698907,1.39127922839,103.954259949,1.34365576027,9.10906626950321,"293"
"SENGKANG > TOA PAYOH",59,"SENGKANG","TOA PAYOH",103.887698907,1.39127922839,103.861025875,1.33668355661,6.76373308913752,"294"
"SERANGOON > ANG MO KIO",104,"SERANGOON","ANG MO KIO",103.867818062,1.36520155176,103.842096514,1.38009241806,3.30781193763173,"295"
"SERANGOON > BEDOK",70,"SERANGOON","BEDOK",103.867818062,1.36520155176,103.928409411,1.32404687673,8.15220310663323,"296"
"SERANGOON > BISHAN",61,"SERANGOON","BISHAN",103.867818062,1.36520155176,103.84041509,1.35496702049,3.25549172578923,"297"
"SERANGOON > BUKIT MERAH",47,"SERANGOON","BUKIT MERAH",103.867818062,1.36520155176,103.823127211,1.27549132936,11.156487632624,"298"
"SERANGOON > BUKIT TIMAH",61,"SERANGOON","BUKIT TIMAH",103.867818062,1.36520155176,103.790697957,1.32998917971,9.43535760050379,"299"
"SERANGOON > DOWNTOWN CORE",125,"SERANGOON","DOWNTOWN CORE",103.867818062,1.36520155176,103.854301181,1.28506469388,9.04673737403652,"300"
"SERANGOON > GEYLANG",89,"SERANGOON","GEYLANG",103.867818062,1.36520155176,103.889523394,1.32089838033,5.4915988717073,"301"
"SERANGOON > HOUGANG",176,"SERANGOON","HOUGANG",103.867818062,1.36520155176,103.889800438,1.36363757599,2.45256038047726,"302"
"SERANGOON > KALLANG",49,"SERANGOON","KALLANG",103.867818062,1.36520155176,103.866433422,1.31033541885,6.10961356755763,"303"
"SERANGOON > NOVENA",38,"SERANGOON","NOVENA",103.867818062,1.36520155176,103.835308907,1.32698374591,5.5847143292911,"304"
"SERANGOON > ORCHARD",32,"SERANGOON","ORCHARD",103.867818062,1.36520155176,103.83358043,1.30380687311,7.82480695754933,"305"
"SERANGOON > PASIR RIS",28,"SERANGOON","PASIR RIS",103.867818062,1.36520155176,103.948298422,1.3786180999,9.08013596054425,"306"
"SERANGOON > QUEENSTOWN",66,"SERANGOON","QUEENSTOWN",103.867818062,1.36520155176,103.784558913,1.28907290333,12.5568866422459,"307"
"SERANGOON > SEMBAWANG",59,"SERANGOON","SEMBAWANG",103.867818062,1.36520155176,103.818827667,1.45574704202,11.4594697079748,"308"
"SERANGOON > SENGKANG",72,"SERANGOON","SENGKANG",103.867818062,1.36520155176,103.887698907,1.39127922839,3.64996316480994,"309"
"SERANGOON > SERANGOON",314,"SERANGOON","SERANGOON",103.867818062,1.36520155176,103.867818062,1.36520155176,0,"310"
"SERANGOON > TAMPINES",64,"SERANGOON","TAMPINES",103.867818062,1.36520155176,103.954259949,1.34365576027,9.91446537680197,"311"
"SERANGOON > TOA PAYOH",93,"SERANGOON","TOA PAYOH",103.867818062,1.36520155176,103.861025875,1.33668355661,3.26335931991032,"312"
"SUNGEI KADUT > ANG MO KIO",23,"SUNGEI KADUT","ANG MO KIO",103.757461238,1.41812621708,103.842096514,1.38009241806,10.3266028821126,"313"
"SUNGEI KADUT > BUKIT BATOK",25,"SUNGEI KADUT","BUKIT BATOK",103.757461238,1.41812621708,103.754742818,1.35566002771,6.96028202230179,"314"
"SUNGEI KADUT > BUKIT PANJANG",34,"SUNGEI KADUT","BUKIT PANJANG",103.757461238,1.41812621708,103.772997972,1.3668221789,5.96713162374034,"315"
"SUNGEI KADUT > CHOA CHU KANG",53,"SUNGEI KADUT","CHOA CHU KANG",103.757461238,1.41812621708,103.747190557,1.3855559338,3.80160071176866,"316"
"SUNGEI KADUT > JURONG WEST",23,"SUNGEI KADUT","JURONG WEST",103.757461238,1.41812621708,103.704902701,1.34161199689,10.3324778480419,"317"
"SUNGEI KADUT > SUNGEI KADUT",59,"SUNGEI KADUT","SUNGEI KADUT",103.757461238,1.41812621708,103.757461238,1.41812621708,0,"318"
"SUNGEI KADUT > WOODLANDS",89,"SUNGEI KADUT","WOODLANDS",103.757461238,1.41812621708,103.787703966,1.44067986429,4.1988561703124,"319"
"TAMPINES > BEDOK",522,"TAMPINES","BEDOK",103.954259949,1.34365576027,103.928409411,1.32404687673,3.61127792261973,"320"
"TAMPINES > BUKIT MERAH",93,"TAMPINES","BUKIT MERAH",103.954259949,1.34365576027,103.823127211,1.27549132936,16.4486369798582,"321"
"TAMPINES > CHANGI",117,"TAMPINES","CHANGI",103.954259949,1.34365576027,103.997822558,1.35080636051,4.91294035697717,"322"
"TAMPINES > DOWNTOWN CORE",216,"TAMPINES","DOWNTOWN CORE",103.954259949,1.34365576027,103.854301181,1.28506469388,12.8954923387804,"323"
"TAMPINES > KALLANG",112,"TAMPINES","KALLANG",103.954259949,1.34365576027,103.866433422,1.31033541885,10.4543208948386,"324"
"TAMPINES > MARINE PARADE",95,"TAMPINES","MARINE PARADE",103.954259949,1.34365576027,103.896269432,1.3002290635,8.0635493517098,"325"
"TAMPINES > NOVENA",30,"TAMPINES","NOVENA",103.954259949,1.34365576027,103.835308907,1.32698374591,13.3674372909929,"326"
"TAMPINES > ORCHARD",45,"TAMPINES","ORCHARD",103.954259949,1.34365576027,103.83358043,1.30380687311,14.1440195750586,"327"
"TAMPINES > OUTRAM",32,"TAMPINES","OUTRAM",103.954259949,1.34365576027,103.842060982,1.28285843063,14.2028620174335,"328"
"TAMPINES > PASIR RIS",307,"TAMPINES","PASIR RIS",103.954259949,1.34365576027,103.948298422,1.3786180999,3.94813205415363,"329"
"TAMPINES > QUEENSTOWN",117,"TAMPINES","QUEENSTOWN",103.954259949,1.34365576027,103.784558913,1.28907290333,19.8394098815776,"330"
"TAMPINES > ROCHOR",32,"TAMPINES","ROCHOR",103.954259949,1.34365576027,103.853260197,1.30425591234,12.0656420882799,"331"
"TAMPINES > TAMPINES",806,"TAMPINES","TAMPINES",103.954259949,1.34365576027,103.954259949,1.34365576027,0,"332"
"TAMPINES > TOA PAYOH",53,"TAMPINES","TOA PAYOH",103.954259949,1.34365576027,103.861025875,1.33668355661,10.4049186698156,"333"
"TAMPINES > WESTERN WATER CATCHMENT",25,"TAMPINES","WESTERN WATER CATCHMENT",103.954259949,1.34365576027,103.689729797,1.38212976818,29.7489465417308,"334"
"TOA PAYOH > BUKIT MERAH",64,"TOA PAYOH","BUKIT MERAH",103.861025875,1.33668355661,103.823127211,1.27549132936,8.0119500068332,"335"
"TOA PAYOH > DOWNTOWN CORE",95,"TOA PAYOH","DOWNTOWN CORE",103.861025875,1.33668355661,103.854301181,1.28506469388,5.7947166368596,"336"
"TOA PAYOH > GEYLANG",112,"TOA PAYOH","GEYLANG",103.861025875,1.33668355661,103.889523394,1.32089838033,3.62574204050201,"337"
"TOA PAYOH > HOUGANG",98,"TOA PAYOH","HOUGANG",103.861025875,1.33668355661,103.889800438,1.36363757599,4.38835345138232,"338"
"TOA PAYOH > KALLANG",61,"TOA PAYOH","KALLANG",103.861025875,1.33668355661,103.866433422,1.31033541885,2.99416389942429,"339"
"TOA PAYOH > NOVENA",53,"TOA PAYOH","NOVENA",103.861025875,1.33668355661,103.835308907,1.32698374591,3.05894027068813,"340"
"TOA PAYOH > ORCHARD",49,"TOA PAYOH","ORCHARD",103.861025875,1.33668355661,103.83358043,1.30380687311,4.76692997599716,"341"
"TOA PAYOH > QUEENSTOWN",59,"TOA PAYOH","QUEENSTOWN",103.861025875,1.33668355661,103.784558913,1.28907290333,10.0254933463309,"342"
"TOA PAYOH > ROCHOR",28,"TOA PAYOH","ROCHOR",103.861025875,1.33668355661,103.853260197,1.30425591234,3.71184295136901,"343"
"TOA PAYOH > TOA PAYOH",388,"TOA PAYOH","TOA PAYOH",103.861025875,1.33668355661,103.861025875,1.33668355661,0,"344"
"WESTERN ISLANDS > WESTERN ISLANDS",180,"WESTERN ISLANDS","WESTERN ISLANDS",103.709025302,1.24953638543,103.709025302,1.24953638543,0,"345"
"WOODLANDS > ANG MO KIO",119,"WOODLANDS","ANG MO KIO",103.787703966,1.44067986429,103.842096514,1.38009241806,9.06252466557132,"346"
"WOODLANDS > BEDOK",51,"WOODLANDS","BEDOK",103.787703966,1.44067986429,103.928409411,1.32404687673,20.3412564407167,"347"
"WOODLANDS > BISHAN",36,"WOODLANDS","BISHAN",103.787703966,1.44067986429,103.84041509,1.35496702049,11.2004780792287,"348"
"WOODLANDS > BOON LAY",25,"WOODLANDS","BOON LAY",103.787703966,1.44067986429,103.702223694,1.31479263211,16.9374882742665,"349"
"WOODLANDS > BUKIT BATOK",93,"WOODLANDS","BUKIT BATOK",103.787703966,1.44067986429,103.754742818,1.35566002771,10.150337308196,"350"
"WOODLANDS > BUKIT MERAH",74,"WOODLANDS","BUKIT MERAH",103.787703966,1.44067986429,103.823127211,1.27549132936,18.8065220152662,"351"
"WOODLANDS > BUKIT PANJANG",53,"WOODLANDS","BUKIT PANJANG",103.787703966,1.44067986429,103.772997972,1.3668221789,8.38309985141747,"352"
"WOODLANDS > BUKIT TIMAH",74,"WOODLANDS","BUKIT TIMAH",103.787703966,1.44067986429,103.790697957,1.32998917971,12.3265346359973,"353"
"WOODLANDS > CHANGI",34,"WOODLANDS","CHANGI",103.787703966,1.44067986429,103.997822558,1.35080636051,25.43373046417,"354"
"WOODLANDS > CHOA CHU KANG",91,"WOODLANDS","CHOA CHU KANG",103.787703966,1.44067986429,103.747190557,1.3855559338,7.6145995602103,"355"
"WOODLANDS > CLEMENTI",36,"WOODLANDS","CLEMENTI",103.787703966,1.44067986429,103.760745818,1.31760020246,14.0257803536325,"356"
"WOODLANDS > DOWNTOWN CORE",140,"WOODLANDS","DOWNTOWN CORE",103.787703966,1.44067986429,103.854301181,1.28506469388,18.8418748633891,"357"
"WOODLANDS > GEYLANG",57,"WOODLANDS","GEYLANG",103.787703966,1.44067986429,103.889523394,1.32089838033,17.4983391106833,"358"
"WOODLANDS > HOUGANG",53,"WOODLANDS","HOUGANG",103.787703966,1.44067986429,103.889800438,1.36363757599,14.2353912742003,"359"
"WOODLANDS > JURONG EAST",89,"WOODLANDS","JURONG EAST",103.787703966,1.44067986429,103.734795612,1.32044375987,14.6224788158931,"360"
"WOODLANDS > JURONG WEST",53,"WOODLANDS","JURONG WEST",103.787703966,1.44067986429,103.704902701,1.34161199689,14.3711906750836,"361"
"WOODLANDS > KALLANG",45,"WOODLANDS","KALLANG",103.787703966,1.44067986429,103.866433422,1.31033541885,16.9499881048419,"362"
"WOODLANDS > NOVENA",34,"WOODLANDS","NOVENA",103.787703966,1.44067986429,103.835308907,1.32698374591,13.7206478231622,"363"
"WOODLANDS > ORCHARD",78,"WOODLANDS","ORCHARD",103.787703966,1.44067986429,103.83358043,1.30380687311,16.0692519565461,"364"
"WOODLANDS > PIONEER",34,"WOODLANDS","PIONEER",103.787703966,1.44067986429,103.672987658,1.31258701977,19.139186668829,"365"
"WOODLANDS > QUEENSTOWN",142,"WOODLANDS","QUEENSTOWN",103.787703966,1.44067986429,103.784558913,1.28907290333,16.8804386749504,"366"
"WOODLANDS > SERANGOON",72,"WOODLANDS","SERANGOON",103.787703966,1.44067986429,103.867818062,1.36520155176,12.250908846288,"367"
"WOODLANDS > TAMPINES",74,"WOODLANDS","TAMPINES",103.787703966,1.44067986429,103.954259949,1.34365576027,21.4526814127158,"368"
"WOODLANDS > TOA PAYOH",72,"WOODLANDS","TOA PAYOH",103.787703966,1.44067986429,103.861025875,1.33668355661,14.1634861255346,"369"
"WOODLANDS > TUAS",53,"WOODLANDS","TUAS",103.787703966,1.44067986429,103.632837209,1.27851714043,24.9581533148764,"370"
"WOODLANDS > WESTERN ISLANDS",36,"WOODLANDS","WESTERN ISLANDS",103.787703966,1.44067986429,103.709025302,1.24953638543,23.0091610744916,"371"
"WOODLANDS > WESTERN WATER CATCHMENT",45,"WOODLANDS","WESTERN WATER CATCHMENT",103.787703966,1.44067986429,103.689729797,1.38212976818,12.7027329362258,"372"
"WOODLANDS > WOODLANDS",1336,"WOODLANDS","WOODLANDS",103.787703966,1.44067986429,103.787703966,1.44067986429,0,"373"
"YISHUN > BEDOK",28,"YISHUN","BEDOK",103.836949225,1.41497464027,103.928409411,1.32404687673,14.3546230077528,"374"
"YISHUN > BISHAN",47,"YISHUN","BISHAN",103.836949225,1.41497464027,103.84041509,1.35496702049,6.69114377230644,"375"
"YISHUN > BUKIT BATOK",34,"YISHUN","BUKIT BATOK",103.836949225,1.41497464027,103.754742818,1.35566002771,11.2824191258838,"376"
"YISHUN > BUKIT MERAH",34,"YISHUN","BUKIT MERAH",103.836949225,1.41497464027,103.823127211,1.27549132936,15.6032193206824,"377"
"YISHUN > BUKIT TIMAH",36,"YISHUN","BUKIT TIMAH",103.836949225,1.41497464027,103.790697957,1.32998917971,10.7701136507921,"378"
"YISHUN > CHANGI",23,"YISHUN","CHANGI",103.836949225,1.41497464027,103.997822558,1.35080636051,19.275548014806,"379"
"YISHUN > CHOA CHU KANG",36,"YISHUN","CHOA CHU KANG",103.836949225,1.41497464027,103.747190557,1.3855559338,10.5120425235202,"380"
"YISHUN > CLEMENTI",23,"YISHUN","CLEMENTI",103.836949225,1.41497464027,103.760745818,1.31760020246,13.7629061439224,"381"
"YISHUN > DOWNTOWN CORE",68,"YISHUN","DOWNTOWN CORE",103.836949225,1.41497464027,103.854301181,1.28506469388,14.5898695309552,"382"
"YISHUN > GEYLANG",40,"YISHUN","GEYLANG",103.836949225,1.41497464027,103.889523394,1.32089838033,11.9960943392357,"383"
"YISHUN > HOUGANG",32,"YISHUN","HOUGANG",103.836949225,1.41497464027,103.889800438,1.36363757599,8.20078130846105,"384"
"YISHUN > JURONG EAST",38,"YISHUN","JURONG EAST",103.836949225,1.41497464027,103.734795612,1.32044375987,15.4912182654023,"385"
"YISHUN > JURONG WEST",28,"YISHUN","JURONG WEST",103.836949225,1.41497464027,103.704902701,1.34161199689,16.8119232195176,"386"
"YISHUN > KALLANG",25,"YISHUN","KALLANG",103.836949225,1.41497464027,103.866433422,1.31033541885,12.1017100752101,"387"
"YISHUN > NOVENA",25,"YISHUN","NOVENA",103.836949225,1.41497464027,103.835308907,1.32698374591,9.79680243240241,"388"
"YISHUN > ORCHARD",23,"YISHUN","ORCHARD",103.836949225,1.41497464027,103.83358043,1.30380687311,12.3808168650777,"389"
"YISHUN > QUEENSTOWN",51,"YISHUN","QUEENSTOWN",103.836949225,1.41497464027,103.784558913,1.28907290333,15.1796944959803,"390"
"YISHUN > SEMBAWANG",218,"YISHUN","SEMBAWANG",103.836949225,1.41497464027,103.818827667,1.45574704202,4.96661304407355,"391"
"YISHUN > SENGKANG",25,"YISHUN","SENGKANG",103.836949225,1.41497464027,103.887698907,1.39127922839,6.23335319340737,"392"
"YISHUN > SERANGOON",45,"YISHUN","SERANGOON",103.836949225,1.41497464027,103.867818062,1.36520155176,6.51926000886419,"393"
"YISHUN > SUNGEI KADUT",25,"YISHUN","SUNGEI KADUT",103.836949225,1.41497464027,103.757461238,1.41812621708,8.85281239820537,"394"
"YISHUN > TAMPINES",38,"YISHUN","TAMPINES",103.836949225,1.41497464027,103.954259949,1.34365576027,15.2796748974225,"395"
"YISHUN > TOA PAYOH",47,"YISHUN","TOA PAYOH",103.836949225,1.41497464027,103.861025875,1.33668355661,9.11790528311461,"396"
"YISHUN > TUAS",40,"YISHUN","TUAS",103.836949225,1.41497464027,103.632837209,1.27851714043,27.3264593386116,"397"
"YISHUN > WESTERN WATER CATCHMENT",23,"YISHUN","WESTERN WATER CATCHMENT",103.836949225,1.41497464027,103.689729797,1.38212976818,16.7865341176381,"398"
"YISHUN > WOODLANDS",170,"YISHUN","WOODLANDS",103.836949225,1.41497464027,103.787703966,1.44067986429,6.18234048126009,"399"
"YISHUN > YISHUN",585,"YISHUN","YISHUN",103.836949225,1.41497464027,103.836949225,1.41497464027,0,"400"
